query_id,question,gold_answer,generated_answer,relevant_passage_retrieved,faithfulness_score,context_precision_score,context_recall_score,answer_relevancy_score,judge_verdict,total_ms,error,framework_version,metric_computation_time_ms,llm_judge_model
1,"Bob and Ted are close friends. Ted is on trial for drug offences, and Bob has been selected as a juror in Ted’s case. Is the judge required to excuse Bob from serving on the jury?","No. While the bench book instructs judges to inform members of the jury panel that they can excuse themselves if they know the accused, this is not mandatory. Instead, the court may excuse a potential juror if they are satisfied that the person will not be able to consider the case impartially.","I don't have enough information to answer this question. The provided context does not specifically address whether a juror who is a close friend of the accused must be excused from serving on the jury. The context mentions excusing jurors who cannot consider the case impartially or are unable to serve for other reasons [1.2-c2-s2_chunk_00000], but it does not explicitly cover the situation of a juror being a close friend of the accused.",True,1.0,0.25,0.5,1.0,PASS,16065.420451996033,,4.0.3,19184.82732772827,gpt-4o
2,"Harry is serving as a juror in a burglary trial. He is also a professional locksmith. During the proceedings, Harry is shown a lock which, in his expert view, is too damaged to have been lockpicked in the manner described in court. Why might Harry's expert knowledge of lockpicking be irrelevant when assessing the physical evidence?","Judges are advised to “warn the jury of the possible dangers of conducting even simple experiments in the jury room” as “the present condition of the object experimented with may not be the same as its condition at the relevant time.” Harry can draw his own conclusions, but his view about the lock’s damage is irrelevant without additional evidence about how and when the lock's condition changed.","Harry's expert knowledge of lockpicking might be irrelevant when assessing the physical evidence because, as a juror, he is expected to decide solely based on the evidence presented in court, not on his personal expertise or opinions. Ordinarily, witnesses are not allowed to give their opinions in court, and jurors are the judges of facts based on the evidence presented during the trial [4.13.1.1-c1-s1_chunk_00001]. Therefore, Harry should not rely on his own expert knowledge but rather on the evidence and expert testimony provided during the trial.",False,1.0,0.3333333333333333,0.5,0.8571428571428571,PASS,1729.2400250007631,,4.0.3,20009.8979473114,gpt-4o
3,"Isaac is on trial for statutory murder of an emergency worker. You are his barrister. Should you notify the jury that, according to the Crimes Act 1958, the standard sentence for this offence is 30 years imprisonment?",No. The bench book is clear that “counsel should not refer to the penalty prescribed by law for the offence charged or make any other reference to the consequences which will flow from the jury’s verdict.”,I don't have enough information to answer this question. The provided context does not specify the standard sentence for the statutory murder of an emergency worker under the *Crimes Act 1958*.,False,1.0,0.0,0.0,1.0,PASS,1795.9653610014357,,4.0.3,16743.541717529297,gpt-4o
4,Should jurors be excused if they have encountered news stories about the accused prior to the trial commencing?,"No. Although pre-trial publicity can prejudice jurors, the bench book notes that jurors should not be treated as unusually fragile and can be trusted to follow their oath, heed judicial directions, and decide the case only on the evidence. In most cases, any potential prejudice can be addressed through clear, careful directions from the judge rather than automatically excusing the juror.",I don't have enough information to answer this question. The provided context does not address whether jurors should be excused if they have encountered news stories about the accused prior to the trial commencing.,False,1.0,0.0,1.0,0.6666666666666666,PASS,4043.1403940019663,,4.0.3,22420.565843582153,gpt-4o
5,"Frank and Joe are jurors in an arson trial. Over the weekend, Joe finds photos of the accused holding a petrol canister and texts them to Frank. Having received this new information, what should Frank do?",Frank should immediately notify the judge that Joe has made an independent inquiry about the accused or the background to the offence.,"Frank should inform the judge or a member of the court staff without delay, as acting on outside information is against the jurors' oath to give a true verdict according to the evidence presented in court. This situation breaches the instructions given to jurors, and it is Frank's duty to report it [1.11-c6-s2_chunk_00000].",False,1.0,0.5833333333333333,1.0,1.0,PASS,1626.433851008187,,4.0.3,19259.482383728027,gpt-4o
6,Does the standard of proof of “beyond reasonable doubt” imply that the jury must be fully convinced of every claim the prosecution has made?,"No. According to the bench book “the jury does not need to be satisfied beyond reasonable doubt of the existence of each and every fact relied upon to prove an element, or disprove a defence, as long as they are satisfied that the accused’s guilt has been proven beyond reasonable doubt.”","No, the standard of proof of ""beyond reasonable doubt"" does not imply that the jury must be fully convinced of every claim the prosecution has made. The prosecution does not need to prove every fact or piece of evidence relied upon to prove an element by inference beyond reasonable doubt. The jury may draw the necessary inference based on the whole of the evidence, even if each individual piece of evidence is not proved beyond reasonable doubt, as long as they reach their conclusion upon the criminal standard of proof [3.6-c4-s3_chunk_00002].",False,1.0,0.2,0.5,1.0,PASS,2770.019155999762,,4.0.3,17798.548221588135,gpt-4o
7,"Sally is accused of cultivating narcotic plants in her backyard. One of the elements of this charge is that “the accused intentionally cultivated or attempted to cultivate a particular substance.” To establish whether this is the case, the judge believes it would be valuable to visit Sally’s backyard and have the jury examine it for themselves. What is the name of the legal procedure whereby the court travels to a location relevant to the charge?","The procedure where a court goes to inspect or conduct experiments at a location relevant to the case is called a view. Under section 53 of the Evidence Act 2008, the court may order a “demonstration, experiment or inspection” (collectively, a “view”), as noted in the bench book.",I don't have enough information to answer this question.,False,1.0,0.0,0.0,0.5,PASS,1121.1550360021647,,4.0.3,18377.891063690186,gpt-4o
8,"Josh is 21 years old. He witnessed a murder that was clearly perpetrated by the accused. The prosecution, however, needs to determine whether the accused committed the acts voluntarily, thus satisfying the elements of intentional or reckless murder. In court, the judge plays a recording of Josh giving his eyewitness testimony. What is this evidentiary process called?",This process is known as the VARE procedure. It is used in trials related to sexual or violent offences and involves playing ‘an audio or audiovisual recording which consists of the witness answering questions put to him or her by a prescribed person’.,I don't have enough information to answer this question.,False,1.0,0.0,0.0,0.0,PASS,867.4294670054223,,4.0.3,24249.118328094482,gpt-4o
9,"Olivia illegally bought cannabis from a tobacconist. As she left, she saw a man firebomb the store. She is now a witness in the arson trial. What legal privilege should she consider when giving her evidence?","Olivia should consider exercising her privilege against self-incrimination, which is governed by section 128 of the Evidence Act 2008. As the bench book explains “a witness may object to giving evidence on the basis that the answer may tend to prove that the witness committed an offence or is liable to a civil penalty.”",I don't have enough information to answer this question.,False,1.0,0.0,0.0,1.0,PASS,1138.6624019942246,,4.0.3,17618.873357772827,gpt-4o
10,Emma is found in possession of someone else’s phone but has no documentation of how she obtained it. Emma’s counsel argues that possession of the phone is circumstantial evidence and thus completely inadmissible to establish guilt. Is Emma’s counsel correct?,No. They are incorrect. The bench book notes that “nothing in the law that makes proof by circumstantial evidence unacceptable or suspect of itself.”,"Emma's counsel is not correct. Circumstantial evidence is not inadmissible to establish guilt. In fact, the law does not make proof by circumstantial evidence unacceptable or suspect. In many cases, circumstantial evidence is relied upon when there are no direct witnesses to the facts that need to be proven, and the ultimate inference that the jury may be asked to draw is the accused's guilt [3.6-c2-s1_chunk_00000].",True,1.0,1.0,0.5,1.0,PASS,1740.395859000273,,4.0.3,16804.377555847168,gpt-4o
